,hurricanes,floods,wildfires,heat_days
hurricanes,1.0,0.7402114426298486,-0.38169163351382146,0.40613559512658937
floods,0.7402114426298486,1.0,-0.46540130629902243,0.20180674817376854
wildfires,-0.38169163351382146,-0.46540130629902243,1.0,0.08977660409866409
heat_days,0.40613559512658937,0.20180674817376854,0.08977660409866409,1.0
